{
    "name": "【AU】DxxK前景手",
    "version": "1.0.0",
    "styleFileList": [],
    "scriptFileList": [],
    "tweeFileList": [],
    "additionFile": [],
    "imgFileList": [
        "img/clothes/over_head/dickhand/full_gray.png",
        "img/clothes/over_head/dickhand/acc.png"
    ],
    "addonPlugin": [
      {
        "modName": "ModdedClothesAddon",
        "addonName": "ModdedClothesAddon",
        "modVersion": "^1.1.0",
        "params": {
          "clothes": [
            {
              "key": "over_head",
              "filePath": "clothes/over_head.json"
            }
          ]
        }
      },
      {
        "modName": "ModLoader DoL ImageLoaderHook",
        "addonName": "ImageLoaderAddon",
        "modVersion": "^2.3.0",
        "params": []
      }
    ],
    "dependenceInfo": [
      {
        "modName": "ModdedClothesAddon",
        "version": "^1.1.0"
      },
      {
        "modName": "ModLoader DoL ImageLoaderHook",
        "version": "^2.3.0"
      }
    ]
  }